Timestamp,TVE_VA,ME_VA,PE_VA,TVE_VB,ME_VB,PE_VB,TVE_VC,ME_VC,PE_VC,TVE_Vp,ME_Vp,PE_Vp,TVE_IA,ME_IA,PE_IA,TVE_IB,ME_IB,PE_IB,TVE_IC,ME_IC,PE_IC,TVE_Ip,ME_Ip,PE_Ip,FE,RFE,Timestamp,PMU_VA_real,PMU_VA_imag,PMU_VB_real,PMU_VB_imag,PMU_VC_real,PMU_VC_imag,PMU_Vp_real,PMU_Vp_imag,PMU_IA_real,PMU_IA_imag,PMU_IB_real,PM_ IB_imag,PMU_IC_real,PMU_IC_imag,PMU_Ip_real,PMU_Ip_imag,PMU_FREQ,PMU_ROCOF,Timestamp,REF_VA_real,REF_VA_imag,REF_VB_real,REF_VB_imag,REF_VC_real,REF_VC_imag,REF_Vp_real,REF_Vp_imag,REF_IA_real,REF_IA_imag,REF_IB_real,REF_IB_imag,REF_IC_real,REF_IC_imag,REF_Ip_real,PMU_Ip_imag,REF_FREQ,REF_ROCOF
3710672331.100000,0.221171,0.024038,0.002198,0.230595,0.021637,0.002296,0.243396,0.017022,0.002428,0.231726,0.020871,0.002308,0.164884,0.012116,0.001644,0.168994,0.011670,0.001686,0.162461,0.014613,0.001618,0.165442,0.012850,0.001649,0.000031,-0.000423,3710672331.100000,2.193611,69.532509,59.092106,-36.619858,-61.871990,-33.204330,2.180495,69.734184,0.022855,4.911600,4.316284,-2.519636,-4.357490,-2.487975,0.023626,4.975707,72.500023,-0.000435,3710672331.100000,2.345898,69.510809,58.995124,-36.747458,-61.941877,-33.048395,2.340919,69.714417,0.030928,4.910961,4.311527,-2.526614,-4.360872,-2.480559,0.031828,4.975022,72.499992,-0.000012
3710672331.120000,0.215962,0.021901,0.002148,0.231535,0.025630,0.002301,0.247601,0.015238,0.002471,0.231690,0.020866,0.002307,0.165413,0.012259,0.001649,0.167785,0.011840,0.001674,0.162464,0.015190,0.001617,0.165184,0.012817,0.001647,-0.000023,-0.000025,3710672331.120000,-23.575109,-65.450195,-44.885353,53.088806,69.103378,12.461161,-23.622890,-65.647415,-1.539488,-4.664211,-3.326406,3.730149,4.913085,1.019672,-1.560052,-4.724896,72.499977,-0.000032,3710672331.120000,-23.710466,-65.385079,-44.751616,53.178310,69.123427,12.288487,-23.769332,-65.579053,-1.546989,-4.661094,-3.319765,3.735268,4.913981,1.011571,-1.567630,-4.721716,72.500000,-0.000007
3710672331.140000,0.222506,0.014748,0.002220,0.222693,0.022783,0.002215,0.248801,0.024102,0.002476,0.231359,0.020549,0.002304,0.165926,0.011760,0.001655,0.168883,0.011127,0.001685,0.164056,0.014707,0.001634,0.166260,0.012289,0.001658,0.000007,-0.000064,3710672331.140000,42.640575,54.960754,26.277870,-64.361496,-69.577003,9.502898,42.752861,55.134266,2.905462,3.960206,2.010970,-4.575456,-4.987710,0.548414,2.943737,4.011577,72.500008,-0.000079,3710672331.140000,42.756178,54.857866,26.129292,-64.404870,-69.536501,9.672811,42.870979,55.024301,2.911669,3.954927,2.003035,-4.578328,-4.986074,0.556481,2.950021,4.006199,72.500001,-0.000015
3710672331.160000,0.227383,0.018776,0.002266,0.224271,0.019228,0.002234,0.243945,0.023627,0.002428,0.231902,0.020546,0.002310,0.165752,0.011305,0.001654,0.168475,0.010640,0.001681,0.163653,0.013959,0.001630,0.165953,0.012033,0.001655,0.000042,0.000050,3710672331.160000,-57.537685,-39.097202,-5.103760,69.330231,63.233604,-30.540272,-57.697662,-39.224689,-3.986999,-2.868543,-0.498619,4.972933,4.574091,-2.062865,-4.039307,-2.905559,72.500031,0.000020,3710672331.160000,-57.615308,-38.959415,-4.947895,69.328131,63.144357,-30.686443,-57.776233,-39.083293,-3.991285,-2.861622,-0.490206,4.973235,4.570084,-2.070031,-4.043624,-2.898521,72.499988,-0.000030
3710672331.180000,0.222599,0.025227,0.002211,0.231507,0.021148,0.002305,0.241825,0.015800,0.002413,0.231962,0.020706,0.002310,0.164901,0.010939,0.001645,0.167804,0.011633,0.001674,0.163488,0.013600,0.001629,0.165397,0.012116,0.001649,-0.000021,-0.000216,3710672331.180000,66.807045,19.401854,-16.567385,-67.515862,-50.698021,48.583546,66.994926,19.475336,4.678302,1.496038,-1.062556,-4.883657,-3.712748,3.375391,4.739502,1.515102,72.499969,-0.000253,3710672331.180000,66.832927,19.249215,-16.719439,-67.463225,-50.572656,48.698039,67.025860,19.316518,4.680245,1.488176,-1.070605,-4.881304,-3.706740,3.380975,4.741421,1.507100,72.499991,-0.000038
3710672331.200000,0.216722,0.018140,0.002159,0.229558,0.027016,0.002279,0.248870,0.016380,0.002483,0.231716,0.020493,0.002308,0.163241,0.010567,0.001629,0.167449,0.011898,0.001670,0.163352,0.014758,0.001627,0.164685,0.012507,0.001642,-0.000009,-0.000334,3710672331.200000,-69.528564,2.194551,36.623146,59.093124,33.207207,-61.871250,-69.733986,2.180634,-4.911624,0.022901,2.519679,4.316266,2.488008,-4.357504,-4.975729,0.023649,72.500000,-0.000340,3710672331.200000,-69.511054,2.344262,36.747815,58.993558,33.048059,-61.943370,-69.714481,2.341084,-4.911061,0.030898,2.526584,4.311538,2.480550,-4.360902,-4.975061,0.031815,72.500009,-0.000006
3710672331.220000,0.221874,0.013949,0.002214,0.223347,0.024042,0.002220,0.250024,0.023092,0.002489,0.231768,0.020364,0.002308,0.164920,0.010595,0.001646,0.167358,0.011559,0.001669,0.164548,0.013629,0.001640,0.165616,0.012086,0.001652,0.000007,0.000531,3710672331.220000,65.447128,-23.568796,-53.091290,-44.879826,-12.463189,69.108475,65.647041,-23.622696,4.664225,-1.539510,-3.730164,-3.326384,-1.019745,4.913033,4.724915,-1.560045,72.500008,0.000526,3710672331.220000,65.385661,-23.710344,-53.178017,-44.751081,-12.288283,69.123323,65.578979,-23.769338,4.661191,-1.547020,-3.735280,-3.319768,-1.011550,4.914029,4.721761,-1.567657,72.500000,-0.000005
3710672331.240000,0.227669,0.019952,0.002268,0.223781,0.018434,0.002230,0.243720,0.021631,0.002427,0.231762,0.020011,0.002309,0.164994,0.011222,0.001646,0.168504,0.011643,0.001681,0.162880,0.012600,0.001624,0.165465,0.011933,0.001650,-0.000007,0.000119,3710672331.240000,-54.965042,42.639832,64.358734,26.276924,-9.505567,-69.575233,-55.134010,42.752449,-3.960242,2.905517,4.575500,2.010922,-0.548424,-4.987637,-4.011574,2.943777,72.499992,0.000100,3710672331.240000,-54.857261,42.755836,64.405299,26.128522,-9.672328,-69.536914,-55.024148,42.871046,-3.955010,2.911705,4.578341,2.002995,-0.556452,-4.986112,-4.006233,2.950041,72.500000,-0.000019
3710672331.260000,0.222168,0.023918,0.002209,0.231598,0.021366,0.002306,0.241707,0.013935,0.002413,0.231799,0.019706,0.002309,0.164475,0.011474,0.001641,0.168592,0.010983,0.001682,0.161619,0.012150,0.001612,0.164887,0.011517,0.001645,0.000014,-0.000507,3710672331.260000,39.096943,-57.541763,-69.330032,-5.107715,30.539463,63.228027,39.224232,-57.697140,2.868541,-3.987112,-4.972946,-0.498589,2.062888,4.574028,2.905528,-4.039347,72.500023,-0.000511,3710672331.260000,38.960448,-57.614189,-69.326814,-4.946779,30.687660,63.145356,39.083181,-57.776184,2.861667,-3.991354,-4.973232,-0.490169,2.070005,4.570143,2.898546,-4.043654,72.500009,-0.000004
3710672331.280000,0.216312,0.019568,0.002154,0.231316,0.026128,0.002298,0.247898,0.014039,0.002475,0.231824,0.019867,0.002309,0.164909,0.010946,0.001645,0.168094,0.011841,0.001677,0.162744,0.013687,0.001622,0.165245,0.012184,0.001648,-0.000008,-0.000508,3710672331.280000,-19.398783,66.805954,67.517273,-16.566969,-48.581055,-50.698498,-19.475216,66.994247,-1.496048,4.678397,4.883665,-1.062554,-3.375391,-3.712775,-1.515115,4.739539,72.499992,-0.000527,3710672331.280000,-19.251068,66.834507,67.461396,-16.717715,-48.699539,-50.571013,-19.316604,67.025731,-1.488185,4.680340,4.881299,-1.070614,-3.380945,-3.706789,-1.507119,4.741451,72.500001,-0.000020
3710672331.300000,0.222700,0.013912,0.002223,0.221638,0.021312,0.002206,0.249709,0.022373,0.002487,0.231384,0.019197,0.002306,0.164922,0.009886,0.001646,0.168671,0.011572,0.001683,0.162778,0.014440,0.001621,0.165447,0.012015,0.001650,-0.000044,0.000558,3710672331.300000,-2.191241,-69.527924,-59.088272,36.622860,61.873619,33.207478,-2.180574,-69.733047,-0.022857,-4.911705,-4.316305,2.519644,4.357503,2.488010,-0.023617,-4.975759,72.499954,0.000550,3710672331.300000,-2.345435,-69.513211,-58.994770,36.745281,61.942149,33.046116,-2.340898,-69.714451,-0.030940,-4.911175,-4.311560,2.526611,4.360902,2.480584,-0.031824,-4.975115,72.499998,-0.000008
3710672331.320000,0.227450,0.019967,0.002265,0.223149,0.015791,0.002226,0.242802,0.022635,0.002417,0.231161,0.019470,0.002303,0.167009,0.009623,0.001667,0.168333,0.010126,0.001680,0.163357,0.013284,0.001628,0.166216,0.011037,0.001658,0.000011,0.000660,3710672331.320000,23.568378,65.451538,44.878036,-53.087219,-69.107880,-12.458681,23.622881,65.646393,1.539475,4.664251,3.326402,-3.730096,-4.913033,-1.019695,1.560022,4.724903,72.500008,0.000633,3710672331.320000,23.711864,65.384921,44.752701,-53.178576,-69.122147,-12.288818,23.769385,65.579043,1.547100,4.661230,3.319794,-3.735302,-4.914034,-1.011561,1.567683,4.721788,72.499996,-0.000026
3710672331.340000,0.221590,0.024324,0.002202,0.230078,0.020625,0.002291,0.243563,0.015372,0.002431,0.231737,0.020090,0.002308,0.166038,0.010253,0.001657,0.167565,0.010578,0.001672,0.164267,0.013334,0.001637,0.165943,0.011389,0.001655,0.000062,0.000009,3710672331.340000,-42.644470,-54.964344,-26.281212,64.358971,69.571869,-9.504787,-42.752563,-55.134212,-2.905511,-3.960233,-2.010916,4.575479,4.987682,-0.548379,-2.943762,-4.011582,72.500061,-0.000027,3710672331.340000,-42.755012,-54.856954,-26.128290,64.405736,69.537872,-9.672373,-42.871109,-55.024320,-2.911771,-3.955008,-2.003050,4.578351,4.986113,-0.556469,-2.950062,-4.006247,72.500000,-0.000036
3710672331.360000,0.217006,0.018169,0.002162,0.229383,0.025656,0.002279,0.249943,0.014427,0.002495,0.232109,0.019399,0.002313,0.164996,0.010947,0.001646,0.167120,0.010490,0.001668,0.164165,0.013534,0.001636,0.165425,0.011685,0.001650,-0.000003,-0.000548,3710672331.360000,57.539455,39.092854,5.105484,-69.332817,-63.231533,30.535133,57.696888,39.224430,3.987149,2.868541,0.498579,-4.972969,-4.574103,2.062862,4.039374,2.905556,72.499992,-0.000560,3710672331.360000,57.613381,38.961269,4.946182,-69.326487,-63.146039,30.688379,57.776241,39.083305,3.991429,2.861660,0.490233,-4.973272,-4.570104,2.070062,4.043690,2.898548,72.499995,-0.000013
3710672331.380000,0.223167,0.015095,0.002226,0.223144,0.021891,0.002220,0.249172,0.021694,0.002482,0.231869,0.019561,0.002310,0.165120,0.010696,0.001648,0.167696,0.010446,0.001674,0.162923,0.014099,0.001623,0.165229,0.011704,0.001648,-0.000025,-0.000891,3710672331.380000,-66.801460,-19.401958,16.571981,67.514191,50.702831,-48.583836,-66.994232,-19.475107,-4.678435,-1.496072,1.062511,4.883627,3.712724,-3.375415,-4.739529,-1.515109,72.499969,-0.000904,3710672331.380000,-66.834402,-19.250278,16.718192,67.462459,50.571120,-48.698965,-67.025934,-19.316507,-4.680393,-1.488202,1.070571,4.881332,3.706718,-3.380960,-4.741464,-1.507120,72.499995,-0.000013
3710672331.400000,0.227069,0.021141,0.002261,0.226083,0.017259,0.002254,0.242009,0.021409,0.002410,0.231748,0.019941,0.002309,0.164777,0.010897,0.001644,0.167071,0.009327,0.001668,0.164054,0.012941,0.001635,0.165289,0.010983,0.001649,-0.000014,0.000257,3710672331.400000,69.530975,-2.188930,-36.620937,-59.087742,-33.204601,61.875725,69.733727,-2.180519,4.911757,-0.022863,-2.519626,-4.316208,-2.487958,4.357445,4.975714,-0.023636,72.499992,0.000254,3710672331.400000,69.511154,-2.345609,-36.747688,-58.994865,-33.048288,61.942318,69.714605,-2.341037,4.911178,-0.030935,-2.526587,-4.311597,-2.480508,4.360944,4.975122,-0.031838,72.500006,-0.000003
3710672331.420000,0.221931,0.024198,0.002206,0.230433,0.019927,0.002295,0.242403,0.015466,0.002419,0.231583,0.019844,0.002307,0.165189,0.010781,0.001648,0.165905,0.010252,0.001656,0.164002,0.013967,0.001634,0.165028,0.011793,0.001646,-0.000035,0.000520,3710672331.420000,-65.451744,23.571714,53.087589,44.882179,12.458871,-69.104469,-65.646767,23.622786,-4.664287,1.539557,3.730159,3.326332,1.019681,-4.913041,-4.724910,1.560087,72.499969,0.000490,3710672331.420000,-65.383768,23.710294,53.179878,44.751283,12.289777,-69.123714,-65.579078,23.769458,-4.661241,1.547077,3.735278,3.319811,1.011511,-4.914014,-4.721779,1.567677,72.500005,-0.000031
3710672331.440000,0.215804,0.018890,0.002150,0.228507,0.026868,0.002269,0.249750,0.014604,0.002493,0.231345,0.020107,0.002304,0.165934,0.009887,0.001656,0.167053,0.011790,0.001666,0.163716,0.015532,0.001630,0.165564,0.012614,0.001651,0.000009,0.000044,3710672331.440000,54.960285,-42.643902,-64.362366,-26.280041,9.501496,69.572884,55.133934,-42.752769,3.960263,-2.905513,-4.575550,-2.010900,0.548458,4.987744,4.011612,-2.943824,72.500008,0.000038,3710672331.440000,54.858130,-42.753867,-64.404523,-26.126921,9.673502,69.538824,55.024202,-42.871090,3.955054,-2.911780,-4.578354,-2.003037,0.556499,4.986069,4.006242,-2.950070,72.499999,-0.000006
3710672331.460000,0.219788,0.015958,0.002192,0.224785,0.024618,0.002234,0.250466,0.020002,0.002496,0.231709,0.020182,0.002308,0.165531,0.010500,0.001652,0.168113,0.011551,0.001677,0.163744,0.016270,0.001629,0.165783,0.012907,0.001653,0.000028,0.000258,3710672331.460000,-39.093563,57.538334,69.332359,5.103228,-30.536543,-63.233971,-39.224403,57.697567,-2.868596,3.987150,4.972976,0.498607,-2.062894,-4.574157,-2.905596,4.039393,72.500031,0.000251,3710672331.460000,-38.961133,57.614691,69.326521,4.947105,-30.688167,-63.144912,-39.083242,57.776285,-2.861705,3.991464,4.973230,0.490210,-2.070007,-4.570046,-2.898543,4.043668,72.500003,-0.000006
3710672331.480000,0.226791,0.020559,0.002258,0.224069,0.017568,0.002234,0.244102,0.022841,0.002430,0.231687,0.020287,0.002308,0.164964,0.011591,0.001645,0.168112,0.011548,0.001677,0.163405,0.015186,0.001627,0.165488,0.012836,0.001650,-0.000018,0.000030,3710672331.480000,19.404064,-66.804230,-67.512321,16.570408,48.586063,50.701511,19.475191,-66.994751,1.496116,-4.678507,-4.883667,1.062512,3.375378,3.712772,1.515152,-4.739566,72.499992,0.000015,3710672331.480000,19.249190,-66.834140,-67.463290,16.718225,48.698003,50.571745,19.316614,-67.025918,1.488243,-4.680420,-4.881315,1.070577,3.380900,3.706713,1.507137,-4.741451,72.500010,-0.000015
3710672331.500000,0.222055,0.024844,0.002206,0.230488,0.019099,0.002297,0.242578,0.016173,0.002420,0.231700,0.020018,0.002308,0.165834,0.012023,0.001654,0.167693,0.011012,0.001673,0.163334,0.014414,0.001627,0.165620,0.012618,0.001651,0.000028,-0.000382,3710672331.500000,2.192088,69.532173,59.089718,-36.620090,-61.872841,-33.204655,2.180501,69.733727,0.022820,4.911864,4.316307,-2.519640,-4.357460,-2.488003,0.023598,4.975802,72.500023,-0.000418,3710672331.500000,2.344911,69.509898,58.994188,-36.748689,-61.943003,-33.049469,2.340979,69.714552,0.030940,4.911229,4.311610,-2.526580,-4.360874,-2.480553,0.031811,4.975129,72.499995,-0.000036
3710672331.520000,0.216951,0.018446,0.002161,0.228790,0.024651,0.002274,0.249980,0.014464,0.002495,0.231912,0.019147,0.002311,0.165347,0.010810,0.001650,0.168006,0.009913,0.001677,0.163253,0.014813,0.001626,0.165526,0.011965,0.001651,-0.000007,-0.000137,3710672331.520000,-23.572317,-65.447395,-44.882416,53.090565,69.103729,12.463613,-23.622311,-65.646446,-1.539556,-4.664390,-3.326395,3.730090,4.913038,1.019701,-1.560050,-4.724953,72.500000,-0.000142,3710672331.520000,-23.709350,-65.384231,-44.750525,53.179394,69.124618,12.289353,-23.769404,-65.579124,-1.547082,-4.661340,-3.319806,3.735293,4.913962,1.011562,-1.567660,-4.721806,72.500007,-0.000005
3710672331.540000,0.222733,0.012488,0.002224,0.220828,0.022729,0.002196,0.250886,0.021504,0.002499,0.231503,0.018880,0.002307,0.164777,0.011153,0.001644,0.166705,0.009724,0.001664,0.162564,0.014826,0.001619,0.164664,0.011903,0.001642,-0.000037,-0.000176,3710672331.540000,42.637466,54.959164,26.274616,-64.362549,-69.577515,9.500628,42.752087,55.133484,2.905607,3.960352,2.010885,-4.575460,-4.987687,0.548449,2.943814,4.011600,72.499969,-0.000197,3710672331.540000,42.754234,54.857365,26.127255,-64.405462,-69.538598,9.672418,42.871077,55.024315,2.911789,3.955129,2.003074,-4.578355,-4.986054,0.556440,2.950047,4.006283,72.500006,-0.000021
3710672331.560000,0.226605,0.018774,0.002258,0.224119,0.017606,0.002234,0.244104,0.021502,0.002431,0.231649,0.019296,0.002308,0.164183,0.011521,0.001638,0.166707,0.010980,0.001663,0.162307,0.015450,0.001616,0.164387,0.012672,0.001639,0.000034,-0.000340,3710672331.560000,-57.536777,-39.096676,-5.102373,69.329353,63.233753,-30.539362,-57.697102,-39.224163,-3.987242,-2.868652,-0.498577,4.972985,4.574156,-2.062928,-4.039437,-2.905599,72.500031,-0.000344,3710672331.560000,-57.614096,-38.959342,-4.946603,69.328374,63.145739,-30.686413,-57.776337,-39.083340,-3.991475,-2.861789,-0.490251,4.973261,4.570111,-2.069996,-4.043681,-2.898608,72.499996,-0.000004
3710672331.580000,0.220235,0.024626,0.002188,0.232578,0.021146,0.002316,0.242891,0.014438,0.002424,0.231883,0.020060,0.002310,0.164718,0.011517,0.001643,0.166557,0.011125,0.001662,0.163428,0.015409,0.001627,0.164888,0.012696,0.001644,-0.000026,0.000597,3710672331.580000,66.806343,19.400625,-16.567406,-67.515663,-50.698853,48.582874,66.994591,19.475243,4.678512,1.496134,-1.062556,-4.883687,-3.712824,3.375444,4.739606,1.515152,72.499969,0.000577,3710672331.580000,66.832179,19.249648,-16.720185,-67.462848,-50.573615,48.698617,67.025953,19.316565,4.680424,1.488274,-1.070551,-4.881371,-3.706756,3.380959,4.741489,1.507167,72.499995,-0.000020
3710672331.600000,0.216757,0.018394,0.002160,0.228958,0.027026,0.002273,0.248873,0.015694,0.002484,0.231525,0.020377,0.002306,0.164121,0.011194,0.001637,0.167993,0.011178,0.001676,0.163643,0.013491,0.001631,0.165257,0.012033,0.001648,-0.000014,-0.000143,3710672331.600000,-69.528328,2.194252,36.623943,59.092720,33.207584,-61.871319,-69.734024,2.180736,-4.911848,0.022872,2.519652,4.316317,2.488030,-4.357501,-4.975815,0.023617,72.499992,-0.000164,3710672331.600000,-69.510642,2.343966,36.748250,58.993368,33.048633,-61.943880,-69.714604,2.341062,-4.911254,0.030910,2.526601,4.311605,2.480586,-4.360964,-4.975171,0.031813,72.500007,-0.000021
3710672331.620000,0.223910,0.014055,0.002235,0.222354,0.023557,0.002211,0.248963,0.022289,0.002479,0.231761,0.019971,0.002309,0.163401,0.012676,0.001629,0.167664,0.011102,0.001673,0.163544,0.013653,0.001630,0.164881,0.012619,0.001644,0.000051,-0.000001,3710672331.620000,65.447510,-23.567690,-53.091625,-44.879364,-12.462514,69.108238,65.646912,-23.622658,4.664454,-1.539642,-3.730132,-3.326426,-1.019713,4.913058,4.724999,-1.560086,72.500046,-0.000006,3710672331.620000,65.385494,-23.710543,-53.178186,-44.751339,-12.288393,69.123518,65.579101,-23.769410,4.661348,-1.547042,-3.735277,-3.319813,-1.011567,4.914043,4.721833,-1.567653,72.499995,-0.000005
3710672331.640000,0.227514,0.020759,0.002265,0.226257,0.018151,0.002255,0.242410,0.021549,0.002414,0.232089,0.020155,0.002312,0.164873,0.013115,0.001643,0.166829,0.011488,0.001664,0.163468,0.013751,0.001629,0.165056,0.012803,0.001645,-0.000015,-0.000243,3710672331.640000,-54.965061,42.639809,64.358398,26.278017,-9.506294,-69.575851,-55.134331,42.752476,-3.960431,2.905660,4.575508,2.010927,-0.548419,-4.987691,-4.011653,2.943831,72.499985,-0.000249,3710672331.640000,-54.856936,42.755342,64.405803,26.128075,-9.672155,-69.537714,-55.024254,42.871185,-3.955132,2.911782,4.578322,2.003079,-0.556466,-4.986105,-4.006291,2.950051,72.500000,-0.000006
3710672331.660000,0.220512,0.024177,0.002192,0.231414,0.022280,0.002303,0.243582,0.014828,0.002431,0.231824,0.020411,0.002309,0.164078,0.012352,0.001636,0.167780,0.012558,0.001673,0.162331,0.013472,0.001618,0.164731,0.012782,0.001642,-0.000010,-0.001265,3710672331.660000,39.095974,-57.542038,-69.331108,-5.107016,30.538519,63.230011,39.224625,-57.697723,2.868671,-3.987281,-4.973018,-0.498602,2.062899,4.574086,2.905602,-4.039434,72.500000,-0.001265,3710672331.660000,38.960354,-57.613652,-69.327240,-4.946222,30.687598,63.146218,39.083319,-57.776347,2.861791,-3.991476,-4.973221,-0.490220,2.070016,4.570127,2.898594,-4.043684,72.500010,0.000000
3710672331.680000,0.215842,0.017316,0.002151,0.228669,0.026878,0.002271,0.250691,0.015891,0.002502,0.231731,0.020013,0.002308,0.163749,0.012247,0.001633,0.167732,0.011714,0.001673,0.162235,0.014780,0.001615,0.164568,0.012933,0.001640,-0.000041,0.000383,3710672331.680000,-19.398235,66.803886,67.517471,-16.569689,-48.580875,-50.701565,-19.475201,66.994545,-1.496107,4.678623,4.883649,-1.062547,-3.375411,-3.712773,-1.515130,4.739614,72.499962,0.000369,3710672331.680000,-19.251143,66.833890,67.461543,-16.718453,-48.699823,-50.571836,-19.316631,67.025909,-1.488284,4.680486,4.881293,-1.070591,-3.380905,-3.706767,-1.507158,4.741479,72.500003,-0.000013
3710672331.700000,0.222087,0.012999,0.002217,0.220874,0.022098,0.002197,0.249625,0.023925,0.002484,0.230883,0.019679,0.002300,0.163810,0.011946,0.001634,0.167760,0.010433,0.001674,0.161959,0.015109,0.001612,0.164494,0.012490,0.001640,-0.000066,0.000993,3710672331.700000,-2.191235,-69.526817,-59.088230,36.624405,61.875214,33.208599,-2.180967,-69.733574,-0.022884,-4.911967,-4.316265,2.519651,4.357538,2.488025,-0.023637,-4.975846,72.499939,0.000988,3710672331.700000,-2.345059,-69.512753,-58.994572,36.746038,61.942708,33.046864,-2.340902,-69.714653,-0.030904,-4.911337,-4.311591,2.526611,4.360885,2.480621,-0.031793,-4.975179,72.500005,-0.000004
3710672331.720000,0.226540,0.020092,0.002256,0.223423,0.017481,0.002227,0.242916,0.023473,0.002418,0.230990,0.020339,0.002301,0.164551,0.011982,0.001641,0.167790,0.013330,0.001672,0.162678,0.015646,0.001619,0.165000,0.013703,0.001644,0.000050,0.001040,3710672331.720000,23.568485,65.451134,44.878410,-53.088509,-69.109154,-12.459295,23.623259,65.647041,1.539627,4.664513,3.326502,-3.730223,-4.913105,-1.019714,1.560100,4.725065,72.500053,0.001032,3710672331.720000,23.711335,65.384654,44.752238,-53.179033,-69.122847,-12.289302,23.769395,65.579179,1.547094,4.661422,3.319816,-3.735283,-4.913981,-1.011600,1.567652,4.721847,72.500003,-0.000008
3710672331.740000,0.221176,0.026866,0.002195,0.231969,0.020690,0.002310,0.242446,0.016259,0.002419,0.231841,0.021267,0.002308,0.165037,0.011948,0.001646,0.168764,0.013261,0.001682,0.162836,0.014922,0.001621,0.165540,0.013434,0.001650,0.000066,0.000267,3710672331.740000,-42.644939,-54.965023,-26.281427,64.359169,69.573486,-9.505127,-42.753113,-55.134953,-2.905671,-3.960466,-2.011007,4.575591,4.987750,-0.548397,-2.943850,-4.011723,72.500061,0.000242,3710672331.740000,-42.754004,-54.856544,-26.127269,64.406387,69.538985,-9.671811,-42.871155,-55.024413,-2.911837,-3.955205,-2.003041,4.578361,4.986110,-0.556400,-2.950068,-4.006323,72.499995,-0.000025
3710672331.760000,0.217310,0.021154,0.002163,0.229545,0.026387,0.002280,0.250308,0.017261,0.002497,0.232404,0.021596,0.002314,0.164779,0.011839,0.001643,0.168828,0.012110,0.001684,0.162008,0.015532,0.001612,0.165187,0.013124,0.001647,0.000049,-0.001913,3710672331.760000,57.540905,39.094013,5.105186,-69.333374,-63.233860,30.535809,57.698170,39.225388,3.987319,2.868714,0.498631,-4.973031,-4.574197,2.062920,4.039470,2.905654,72.500038,-0.001927,3710672331.760000,57.613126,38.961245,4.945792,-69.326540,-63.146518,30.688305,57.776295,39.083344,3.991556,2.861818,0.490197,-4.973261,-4.570155,2.069972,4.043718,2.898619,72.499989,-0.000014
3710672331.780000,0.223297,0.013481,0.002229,0.220343,0.024123,0.002190,0.253867,0.024035,0.002527,0.232523,0.020535,0.002316,0.163944,0.010833,0.001636,0.168250,0.012079,0.001678,0.161361,0.015260,0.001606,0.164497,0.012653,0.001640,-0.000051,-0.000531,3710672331.780000,-66.800301,-19.401794,16.574514,67.515137,50.706451,-48.582691,-66.994804,-19.475710,-4.678627,-1.496136,1.062529,4.883740,3.712803,-3.375457,-4.739652,-1.515159,72.499947,-0.000551,3710672331.780000,-66.834367,-19.250270,16.718295,67.462404,50.571369,-48.698965,-67.025965,-19.316537,-4.680562,-1.488320,1.070594,4.881360,3.706811,-3.380901,-4.741531,-1.507194,72.499998,-0.000019
3710672331.800000,0.226103,0.020914,0.002251,0.224461,0.017995,0.002237,0.243333,0.020980,0.002424,0.231335,0.019958,0.002304,0.164686,0.010067,0.001644,0.167897,0.012021,0.001675,0.161975,0.014022,0.001614,0.164848,0.012171,0.001644,-0.000097,0.000046,3710672331.800000,69.530449,-2.189830,-36.622612,-59.087822,-33.205769,61.874710,69.733749,-2.180782,4.911949,-0.022836,-2.519681,-4.316364,-2.487991,4.357522,4.975870,-0.023620,72.499908,0.000030,3710672331.800000,69.510806,-2.345854,-36.748098,-58.995126,-33.048752,61.942024,69.714625,-2.341010,4.911411,-0.030906,-2.526602,-4.311620,-2.480608,4.360920,4.975219,-0.031796,72.500005,-0.000016
3710672331.820000,0.221245,0.026969,0.002196,0.232580,0.018826,0.002318,0.239455,0.014864,0.002390,0.231051,0.020207,0.002301,0.163486,0.009662,0.001632,0.167648,0.012890,0.001671,0.162065,0.013975,0.001615,0.164398,0.012290,0.001639,0.000023,0.001359,3710672331.820000,-65.452728,23.573080,53.086590,44.882919,12.457378,-69.104378,-65.646873,23.623245,-4.664488,1.539643,3.730207,3.326443,1.019677,-4.913080,-4.725027,1.560118,72.500031,0.001336,3710672331.820000,-65.383179,23.710340,53.180472,44.751322,12.290373,-69.123676,-65.579081,23.769461,-4.661519,1.547103,3.735281,3.319776,1.011602,-4.914033,-4.721882,1.567669,72.500007,-0.000023
3710672331.840000,0.215550,0.017067,0.002149,0.228631,0.027557,0.002269,0.250864,0.016555,0.002503,0.231682,0.020429,0.002308,0.162522,0.009827,0.001622,0.167433,0.012452,0.001670,0.161794,0.013723,0.001612,0.163912,0.012000,0.001635,0.000045,0.000951,3710672331.840000,54.958782,-42.643066,-64.363388,-26.280096,9.500559,69.574448,55.134251,-42.752789,3.960408,-2.905727,-4.575570,-2.010942,0.548467,4.987709,4.011656,-2.943885,72.500046,0.000939,3710672331.840000,54.857672,-42.753753,-64.405112,-26.126767,9.673070,69.538938,55.024208,-42.871142,3.955301,-2.911861,-4.578351,-2.003051,0.556430,4.986134,4.006358,-2.950084,72.500001,-0.000012
3710672331.860000,0.219839,0.012770,0.002195,0.223846,0.026649,0.002222,0.252578,0.022413,0.002516,0.232088,0.020641,0.002311,0.163576,0.010822,0.001632,0.167961,0.012335,0.001675,0.162656,0.014643,0.001620,0.164725,0.012612,0.001642,0.000024,-0.000796,3710672331.860000,-39.092442,57.536507,69.333931,5.102613,-30.536041,-63.235954,-39.224785,57.697720,-2.868725,3.987332,4.973040,0.498652,-2.062917,-4.574142,-2.905651,4.039465,72.500023,-0.000811,3710672331.860000,-38.961106,57.614800,69.326624,4.947205,-30.688138,-63.144787,-39.083248,57.776305,-2.861904,3.991577,4.973254,0.490261,-2.070021,-4.570125,-2.898648,4.043721,72.499999,-0.000015
3710672331.880000,0.227556,0.020364,0.002266,0.225756,0.017701,0.002250,0.243121,0.022793,0.002420,0.232174,0.020283,0.002313,0.163090,0.010742,0.001627,0.167998,0.011846,0.001676,0.162455,0.014272,0.001618,0.164507,0.012243,0.001640,-0.000006,-0.000597,3710672331.880000,19.404388,-66.803780,-67.512924,16.569429,48.586308,50.701149,19.475542,-66.994644,1.496172,-4.678660,-4.883713,1.062485,3.375436,3.712769,1.515174,-4.739637,72.500000,-0.000618,3710672331.880000,19.249028,-66.833972,-67.463523,16.718360,48.697774,50.571884,19.316638,-67.025909,1.488397,-4.680586,-4.881348,1.070540,3.380957,3.706773,1.507212,-4.741536,72.500006,-0.000021
3710672331.900000,0.221833,0.022867,0.002206,0.230679,0.019834,0.002298,0.243268,0.016356,0.002427,0.231935,0.019673,0.002311,0.163405,0.010878,0.001630,0.167007,0.011475,0.001666,0.163432,0.014738,0.001628,0.164604,0.012291,0.001641,-0.000033,-0.000676,3710672331.900000,2.192128,69.531006,59.090237,-36.620136,-61.872700,-33.204891,2.180351,69.733498,0.022845,4.912006,4.316311,-2.519679,-4.357539,-2.488031,0.023622,4.975874,72.499962,-0.000691,3710672331.900000,2.344990,69.510105,58.994226,-36.748541,-61.942974,-33.049225,2.341022,69.714559,0.030850,4.911428,4.311613,-2.526577,-4.360940,-2.480570,0.031786,4.975217,72.499995,-0.000015
3710672331.920000,0.215363,0.016751,0.002147,0.228093,0.027308,0.002264,0.251602,0.016189,0.002511,0.231684,0.020068,0.002308,0.162689,0.012154,0.001622,0.166837,0.011934,0.001664,0.164310,0.014427,0.001637,0.164612,0.012805,0.001641,-0.000004,-0.000266,3710672331.920000,-23.572950,-65.446533,-44.883030,53.091953,69.104897,12.464298,-23.622822,-65.647034,-1.539660,-4.664559,-3.326416,3.730211,4.913085,1.019733,-1.560112,-4.725047,72.500000,-0.000276,3710672331.920000,-23.709433,-65.384820,-44.750483,53.178920,69.124781,12.288775,-23.769496,-65.579180,-1.547037,-4.661488,-3.319808,3.735295,4.914038,1.011545,-1.567663,-4.721876,72.500004,-0.000010
3710672331.940000,0.222355,0.014603,0.002219,0.223392,0.023733,0.002221,0.249594,0.021958,0.002486,0.231807,0.020096,0.002309,0.162909,0.012381,0.001624,0.166961,0.011695,0.001665,0.162980,0.013231,0.001624,0.164284,0.012398,0.001638,-0.000013,0.000654,3710672331.940000,42.639221,54.960701,26.276815,-64.362000,-69.577316,9.502264,42.752598,55.134224,2.905729,3.960473,2.010956,-4.575557,-4.987684,0.548460,2.943873,4.011672,72.499992,0.000629,3710672331.940000,42.754808,54.857956,26.127601,-64.404917,-69.538209,9.673079,42.871179,55.024299,2.911797,3.955258,2.003099,-4.578364,-4.986127,0.556488,2.950075,4.006348,72.500005,-0.000025
3710672331.960000,0.226718,0.020754,0.002257,0.225350,0.016914,0.002247,0.241991,0.021045,0.002410,0.231384,0.019583,0.002305,0.164145,0.011717,0.001637,0.168252,0.011657,0.001678,0.163274,0.014010,0.001627,0.165216,0.012394,0.001647,-0.000027,0.000052,3710672331.960000,-57.538517,-39.097721,-5.103692,69.328461,63.232437,-30.541029,-57.697472,-39.224091,-3.987315,-2.868728,-0.498648,4.973006,4.574131,-2.062901,-4.039441,-2.905643,72.499969,0.000048,3710672331.960000,-57.614673,-38.959647,-4.947065,69.328027,63.145345,-30.686903,-57.776428,-39.083322,-3.991538,-2.861861,-0.490243,4.973256,4.570129,-2.070049,-4.043721,-2.898625,72.499996,-0.000004
3710672331.980000,0.220900,0.025518,0.002194,0.231005,0.021177,0.002300,0.242953,0.014661,0.002425,0.231595,0.020459,0.002307,0.163945,0.011211,0.001636,0.168756,0.011619,0.001683,0.162918,0.014464,0.001623,0.165203,0.012457,0.001647,0.000046,-0.000310,3710672331.980000,66.807701,19.401134,-16.567781,-67.515381,-50.698238,48.583084,66.994995,19.475046,4.678660,1.496144,-1.062513,-4.883694,-3.712796,3.375421,4.739640,1.515164,72.500038,-0.000330,3710672331.980000,66.833050,19.249604,-16.719487,-67.462809,-50.572865,48.698741,67.026026,19.316508,4.680576,1.488323,-1.070608,-4.881331,-3.706778,3.380952,4.741539,1.507167,72.499992,-0.000020
3710672332.000000,0.216715,0.017315,0.002160,0.228172,0.027284,0.002265,0.250837,0.015507,0.002503,0.231900,0.020023,0.002310,0.163782,0.011084,0.001634,0.166871,0.012519,0.001664,0.162607,0.015230,0.001619,0.164412,0.012970,0.001639,-0.000030,0.000956,3710672332.000000,-69.528885,2.194207,36.623459,59.092381,33.207561,-61.870770,-69.733856,2.180551,-4.912010,0.022901,2.519712,4.316338,2.488016,-4.357569,-4.975900,0.023656,72.499977,0.000941,3710672332.000000,-69.511947,2.343981,36.747185,58.993180,33.047447,-61.944101,-69.714674,2.341169,-4.911421,0.030924,2.526575,4.311599,2.480581,-4.360927,-4.975209,0.031806,72.500007,-0.000015
3710672332.020000,0.220722,0.013200,0.002203,0.222667,0.024165,0.002213,0.250197,0.021600,0.002492,0.231214,0.019657,0.002304,0.163898,0.011464,0.001635,0.165968,0.012744,0.001655,0.163418,0.016077,0.001626,0.164415,0.013427,0.001639,-0.000014,0.000111,3710672332.020000,65.446762,-23.569544,-53.091351,-44.879616,-12.462715,69.107780,65.646591,-23.623018,4.664535,-1.539677,-3.730237,-3.326437,-1.019709,4.913170,4.725071,-1.560143,72.499985,0.000103,3710672332.020000,65.386046,-23.710544,-53.177700,-44.751187,-12.287781,69.123697,65.579110,-23.769502,4.661477,-1.547124,-3.735260,-3.319837,-1.011556,4.914032,4.721875,-1.567672,72.499998,-0.000008
3710672332.040000,0.225921,0.021017,0.002249,0.227029,0.018286,0.002263,0.242582,0.020626,0.002417,0.231874,0.019975,0.002310,0.164113,0.013033,0.001636,0.166940,0.012013,0.001665,0.163491,0.014299,0.001629,0.164851,0.013142,0.001643,0.000082,0.000141,3710672332.040000,-54.965336,42.641003,64.357315,26.278475,-9.507001,-69.575172,-55.134060,42.752575,-3.960505,2.905771,4.575546,2.010977,-0.548420,-4.987729,-4.011710,2.943878,72.500076,0.000123,3710672332.040000,-54.857760,42.755535,64.404834,26.128008,-9.673126,-69.537650,-55.024168,42.871250,-3.955231,2.911866,4.578338,2.003116,-0.556463,-4.986116,-4.006341,2.950078,72.499994,-0.000018
3710672332.060000,0.222511,0.023628,0.002212,0.231977,0.021189,0.002310,0.242817,0.014213,0.002424,0.232420,0.019658,0.002316,0.164205,0.013878,0.001636,0.167945,0.011816,0.001675,0.161324,0.013791,0.001607,0.164486,0.013198,0.001639,-0.000011,-0.000202,3710672332.060000,39.097549,-57.541176,-69.329430,-5.107495,30.539715,63.229179,39.224567,-57.697079,2.868756,-3.987422,-4.973006,-0.498661,2.062934,4.574060,2.905633,-4.039476,72.499992,-0.000208,3710672332.060000,38.960952,-57.613917,-69.326353,-4.946294,30.688521,63.145995,39.083174,-57.776396,2.861832,-3.991556,-4.973247,-0.490272,2.069998,4.570108,2.898624,-4.043701,72.500003,-0.000006
3710672332.080000,0.218459,0.017381,0.002177,0.227792,0.026096,0.002263,0.249381,0.016692,0.002488,0.231886,0.020041,0.002310,0.164198,0.012915,0.001637,0.165853,0.011822,0.001654,0.162026,0.015819,0.001612,0.164014,0.013526,0.001634,-0.000039,-0.000377,3710672332.080000,-19.400434,66.803932,67.515984,-16.569765,-48.582615,-50.700703,-19.475126,66.994499,-1.496144,4.678723,4.883700,-1.062574,-3.375458,-3.712750,-1.515129,4.739675,72.499962,-0.000386,3710672332.080000,-19.251579,66.834401,67.460715,-16.718124,-48.700479,-50.571231,-19.316449,67.025875,-1.488292,4.680561,4.881358,-1.070525,-3.380905,-3.706717,-1.507176,4.741504,72.500001,-0.000009
3710672332.100000,0.223960,0.013408,0.002235,0.221020,0.023384,0.002198,0.250297,0.023486,0.002492,0.231778,0.020104,0.002309,0.164307,0.012730,0.001638,0.165662,0.011689,0.001652,0.164112,0.014839,0.001634,0.164687,0.013071,0.001642,0.000016,0.000034,3710672332.100000,-2.189614,-69.527489,-59.088165,36.624474,61.875282,33.208290,-2.180558,-69.733765,-0.022868,-4.912047,-4.316319,2.519742,4.357481,2.488055,-0.023630,-4.975891,72.500015,0.000018,3710672332.100000,-2.344718,-69.513100,-58.993744,36.745641,61.943285,33.046256,-2.341083,-69.714529,-0.030910,-4.911378,-4.311645,2.526575,4.360894,2.480563,-0.031794,-4.975195,72.500000,-0.000016
3710672332.120000,0.226656,0.019727,0.002258,0.224964,0.018437,0.002242,0.244803,0.021581,0.002438,0.232181,0.019924,0.002313,0.164955,0.014142,0.001643,0.167459,0.010583,0.001671,0.163725,0.014535,0.001631,0.165373,0.013121,0.001648,0.000024,0.000002,3710672332.120000,23.568254,65.450905,44.879105,-53.088249,-69.107841,-12.460167,23.622526,65.646904,1.539647,4.664613,3.326445,-3.730164,-4.913042,-1.019741,1.560081,4.725059,72.500023,-0.000017,3710672332.120000,23.711287,65.384629,44.751724,-53.178924,-69.123099,-12.288977,23.769569,65.579023,1.547091,4.661417,3.319855,-3.735323,-4.913984,-1.011581,1.567662,4.721861,72.499999,-0.000019
